{
  "working_area_width": 60,
  "working_area_height": 60,
  "transform_matrix": [
    [
      -0.15384615384615385,
      1.2307692307692308,
      -14.615384615384617
    ],
    [
      -1.2307692307692308,
      -0.15384615384615385,
      53.07692307692308
    ]
  ],
  "calibration_points": [
    [
      23,
      31,
      20,
      20
    ],
    [
      15,
      30,
      20,
      30
    ],
    [
      29,
      29,
      30,
      30
    ]
  ],
  "is_calibrated": true
}