{
  "transform_matrix": [
    [
      0.06963640932717871,
      0.08364304892404141,
      -28.4755974975862
    ],
    [
      -0.08364304892404141,
      0.06963640932717871,
      24.8418466544103
    ]
  ],
  "calibration_points": [
    [
      308,
      439,
      30.0,
      30.0
    ],
    [
      208,
      328,
      15.0,
      30.0
    ],
    [
      323,
      257,
      15.0,
      15.0
    ],
    [
      426,
      347,
      30.0,
      15.0
    ],
    [
      132,
      238,
      0.0,
      30.0
    ],
    [
      518,
      274,
      30.0,
      0.0
    ]
  ],
  "avg_error": 